<?xml version="1.0"?>
<!DOCTYPE Configure PUBLIC "-//Mort Bay Consulting//DTD Configure//EN" "http://jetty.mortbay.org/configure.dtd">

<Configure id="Server" class="org.eclipse.jetty.server.Server">
    <!-- =========================================================== -->
    <!-- Configure deployment steps for every web app                -->
    <!-- =========================================================== -->
    <Call name="setAttribute">
      <Arg>org.eclipse.jetty.webapp.configuration</Arg>
      <Arg>
          <Array type="java.lang.String">
              <Item>org.eclipse.jetty.webapp.WebInfConfiguration</Item>
              <Item>org.eclipse.jetty.webapp.WebXmlConfiguration</Item>
              <Item>org.eclipse.jetty.webapp.MetaInfConfiguration</Item>
              <Item>org.eclipse.jetty.webapp.FragmentConfiguration</Item>
              <Item>org.eclipse.jetty.plus.webapp.EnvConfiguration</Item>
              <Item>org.eclipse.jetty.plus.webapp.PlusConfiguration</Item>
              <Item>org.eclipse.jetty.annotations.AnnotationConfiguration</Item>
              <Item>org.eclipse.jetty.webapp.JettyWebXmlConfiguration</Item>
              <Item>org.eclipse.jetty.webapp.TagLibConfiguration</Item>
          </Array>
      </Arg>
    </Call>
  
    <!-- =========================================================== -->
    <!-- Define some SystemProperties                                -->
    <!-- =========================================================== -->
    <Call class="java.lang.System" name="setProperty">
      <Arg>derby.system.home</Arg>
      <Arg><SystemProperty name="java.io.tmpdir"/></Arg>
    </Call>

    <!-- =========================================================== -->
    <!-- Configure container scoped jndi resources                   -->
    <!-- =========================================================== -->
    <!-- Define an Atomikos transaction manager -->
    <New id="tx" class="org.eclipse.jetty.plus.jndi.Transaction">
      <Arg>
        <New class="com.atomikos.icatch.jta.UserTransactionImp"/>
      </Arg>
    </New>

</Configure>
